{"cameraMode":{"drawMode":0,"name":"Shaded","section":"Shading Mode"},"sceneLighting":false,"audioPlay":false,"sceneViewState":{"m_AlwaysRefresh":false,"showFog":true,"showSkybox":false,"showFlares":true,"showImageEffects":true,"showParticleSystems":true,"showVisualEffectGraphs":true,"m_FxEnabled":true},"in2DMode":false,"pivot":{"x":-0.11234892904758454,"y":0.6908077001571655,"z":-0.5385925769805908},"rotation":{"x":-0.0014495810028165579,"y":0.9897759556770325,"z":-0.14232009649276734,"w":-0.010096333920955658},"size":1.342872142791748,"orthographic":false}