{"cameraMode":{"drawMode":0,"name":"Shaded","section":"Shading Mode"},"sceneLighting":false,"audioPlay":false,"sceneViewState":{"m_AlwaysRefresh":false,"showFog":true,"showSkybox":false,"showFlares":true,"showImageEffects":true,"showParticleSystems":true,"showVisualEffectGraphs":true,"m_FxEnabled":false},"in2DMode":false,"pivot":{"x":0.1062818244099617,"y":0.9482811689376831,"z":1.219467282295227},"rotation":{"x":0.07697120308876038,"y":-0.7682167291641235,"z":0.09402819722890854,"w":0.6286230087280273},"size":1.4485576152801514,"orthographic":false}