{"cameraMode":{"drawMode":0,"name":"Shaded","section":"Shading Mode"},"sceneLighting":true,"audioPlay":false,"sceneViewState":{"m_AlwaysRefresh":false,"showFog":true,"showSkybox":true,"showFlares":true,"showImageEffects":true,"showParticleSystems":true,"showVisualEffectGraphs":true,"m_FxEnabled":false},"in2DMode":false,"pivot":{"x":0.7502596974372864,"y":-7.425424575805664,"z":0.6044518947601318},"rotation":{"x":0.47130802273750307,"y":0.01058038417249918,"z":-0.005652960389852524,"w":0.8818915486335754},"size":12.12435531616211,"orthographic":false}